run,q,kv,scope,sample,order,d256_ms,flashinfer_ms
comparison,4096,4096,native,1,"FAT,FI",3.1784958839416504,3.6909120082855225
comparison,4096,4096,native,2,"FI,FAT",3.1060800552368164,3.6904959678649902
comparison,4096,4096,native,3,"FAT,FI",3.0852160453796387,3.670016050338745
comparison,4096,4096,native,4,"FI,FAT",3.0963521003723145,3.661855936050415
comparison,4096,4096,native,5,"FAT,FI",3.080575942993164,3.6616640090942383
comparison,4096,4096,native,6,"FI,FAT",3.1006720066070557,3.663872003555298
comparison,4096,4096,native,7,"FAT,FI",3.092128038406372,3.6632320880889893
comparison,4096,4096,native,8,"FI,FAT",3.080832004547119,3.6720640659332275
comparison,4096,4096,native,9,"FAT,FI",3.0904319286346436,3.667232036590576
comparison,4096,4096,native,10,"FI,FAT",3.0810561180114746,3.6659200191497803
comparison,4096,4096,native,11,"FAT,FI",3.0760960578918457,3.6679680347442627
comparison,4096,4096,native,12,"FI,FAT",3.0992960929870605,3.659775972366333
comparison,4096,4096,native,13,"FAT,FI",3.085279941558838,3.6618239879608154
comparison,4096,4096,native,14,"FI,FAT",3.0774080753326416,3.6618239879608154
comparison,4096,4096,native,15,"FAT,FI",3.0819199085235596,3.6618239879608154
comparison,4096,4096,native,16,"FI,FAT",3.0801920890808105,3.6640639305114746
comparison,4096,4096,native,17,"FAT,FI",2.4810240268707275,2.6458559036254883
comparison,4096,4096,native,18,"FI,FAT",2.2477118968963623,2.6408960819244385
comparison,4096,4096,native,19,"FAT,FI",2.2507519721984863,2.63372802734375
comparison,4096,4096,native,20,"FI,FAT",2.2101120948791504,2.610975980758667
comparison,4096,4096,native,21,"FAT,FI",2.2097280025482178,2.6084160804748535
comparison,4096,4096,native,22,"FI,FAT",2.195807933807373,2.609600067138672
comparison,4096,4096,native,23,"FAT,FI",2.224832057952881,2.607840061187744
comparison,4096,4096,native,24,"FI,FAT",2.2007999420166016,2.605056047439575
comparison,4096,4096,native,25,"FAT,FI",2.2220799922943115,2.609247922897339
comparison,4096,4096,native,26,"FI,FAT",2.2115840911865234,2.619040012359619
comparison,4096,4096,native,27,"FAT,FI",2.2079999446868896,2.608448028564453
comparison,4096,4096,native,28,"FI,FAT",2.2056961059570312,2.6127359867095947
comparison,4096,4096,native,29,"FAT,FI",2.21779203414917,2.6040000915527344
comparison,4096,4096,native,30,"FI,FAT",2.203648090362549,2.6176319122314453
comparison,4096,4096,canonical,1,"FAT,FI",2.214047908782959,2.6085119247436523
comparison,4096,4096,canonical,2,"FI,FAT",2.179647922515869,2.591615915298462
comparison,4096,4096,canonical,3,"FAT,FI",2.2010879516601562,2.580415964126587
comparison,4096,4096,canonical,4,"FI,FAT",2.1803200244903564,2.5838398933410645
comparison,4096,4096,canonical,5,"FAT,FI",2.1779520511627197,2.5922560691833496
comparison,4096,4096,canonical,6,"FI,FAT",2.1796159744262695,2.5834879875183105
comparison,4096,4096,canonical,7,"FAT,FI",2.1922240257263184,2.5819520950317383
comparison,4096,4096,canonical,8,"FI,FAT",2.179647922515869,2.580064058303833
comparison,4096,4096,canonical,9,"FAT,FI",2.1974399089813232,2.581536054611206
comparison,4096,4096,canonical,10,"FI,FAT",2.180543899536133,2.588736057281494
comparison,4096,4096,canonical,11,"FAT,FI",2.1967999935150146,2.5772159099578857
comparison,4096,4096,canonical,12,"FI,FAT",2.1685121059417725,2.5819199085235596
comparison,4096,4096,canonical,13,"FAT,FI",2.168031930923462,2.575455904006958
comparison,4096,4096,canonical,14,"FI,FAT",2.179327964782715,2.5811519622802734
comparison,4096,4096,canonical,15,"FAT,FI",2.1821439266204834,2.5823678970336914
comparison,4096,4096,canonical,16,"FI,FAT",2.164639949798584,2.578399896621704
comparison,4096,4096,canonical,17,"FAT,FI",2.1664319038391113,2.589184045791626
comparison,4096,4096,canonical,18,"FI,FAT",2.1686720848083496,2.5829761028289795
comparison,4096,4096,canonical,19,"FAT,FI",2.1612160205841064,2.5782721042633057
comparison,4096,4096,canonical,20,"FI,FAT",2.177664041519165,2.575615882873535
comparison,4096,4096,canonical,21,"FAT,FI",2.1944639682769775,2.576416015625
comparison,4096,4096,canonical,22,"FI,FAT",2.1661760807037354,2.5743041038513184
comparison,4096,4096,canonical,23,"FAT,FI",2.1882879734039307,2.5658559799194336
comparison,4096,4096,canonical,24,"FI,FAT",2.1685760021209717,2.5755839347839355
comparison,4096,4096,canonical,25,"FAT,FI",2.1735999584198,2.5763840675354004
comparison,4096,4096,canonical,26,"FI,FAT",2.1631040573120117,2.5779199600219727
comparison,4096,4096,canonical,27,"FAT,FI",2.1694719791412354,2.565887928009033
comparison,4096,4096,canonical,28,"FI,FAT",2.164799928665161,2.5707199573516846
comparison,4096,4096,canonical,29,"FAT,FI",2.170912027359009,2.579648017883301
comparison,4096,4096,canonical,30,"FI,FAT",2.1740798950195312,2.5734078884124756
comparison,8192,8192,native,1,"FAT,FI",11.441216468811035,10.844863891601562
comparison,8192,8192,native,2,"FI,FAT",8.075263977050781,10.174464225769043
comparison,8192,8192,native,3,"FAT,FI",8.098176002502441,10.10086441040039
comparison,8192,8192,native,4,"FI,FAT",8.141023635864258,10.004639625549316
comparison,8192,8192,native,5,"FAT,FI",8.186016082763672,9.919839859008789
comparison,8192,8192,native,6,"FI,FAT",8.047039985656738,10.02137565612793
comparison,8192,8192,native,7,"FAT,FI",8.033791542053223,9.857024192810059
comparison,8192,8192,native,8,"FI,FAT",8.021696090698242,9.860992431640625
comparison,8192,8192,native,9,"FAT,FI",8.024031639099121,9.918144226074219
comparison,8192,8192,native,10,"FI,FAT",8.069120407104492,9.822303771972656
comparison,8192,8192,native,11,"FAT,FI",8.117664337158203,9.970208168029785
comparison,8192,8192,native,12,"FI,FAT",8.041055679321289,9.897439956665039
comparison,8192,8192,native,13,"FAT,FI",8.062975883483887,9.87507152557373
comparison,8192,8192,native,14,"FI,FAT",8.026176452636719,9.867008209228516
comparison,8192,8192,native,15,"FAT,FI",8.104096412658691,9.958656311035156
comparison,8192,8192,native,16,"FI,FAT",8.1080322265625,9.896991729736328
comparison,8192,8192,native,17,"FAT,FI",8.060832023620605,9.930975914001465
comparison,8192,8192,native,18,"FI,FAT",8.036928176879883,9.980352401733398
comparison,8192,8192,native,19,"FAT,FI",8.09068775177002,9.843104362487793
comparison,8192,8192,native,20,"FI,FAT",7.999904155731201,9.856512069702148
comparison,8192,8192,native,21,"FAT,FI",7.99948787689209,9.902079582214355
comparison,8192,8192,native,22,"FI,FAT",8.021984100341797,9.832063674926758
comparison,8192,8192,native,23,"FAT,FI",8.038399696350098,9.852255821228027
comparison,8192,8192,native,24,"FI,FAT",8.017791748046875,9.797247886657715
comparison,8192,8192,native,25,"FAT,FI",7.981791973114014,9.863167762756348
comparison,8192,8192,native,26,"FI,FAT",8.066975593566895,9.910271644592285
comparison,8192,8192,native,27,"FAT,FI",8.01683235168457,9.841216087341309
comparison,8192,8192,native,28,"FI,FAT",8.157183647155762,9.893183708190918
comparison,8192,8192,native,29,"FAT,FI",8.2042875289917,9.996512413024902
comparison,8192,8192,native,30,"FI,FAT",8.212767601013184,10.163583755493164
comparison,8192,8192,canonical,1,"FAT,FI",8.116703987121582,9.970144271850586
comparison,8192,8192,canonical,2,"FI,FAT",8.125920295715332,9.954431533813477
comparison,8192,8192,canonical,3,"FAT,FI",8.134592056274414,10.042367935180664
comparison,8192,8192,canonical,4,"FI,FAT",8.123135566711426,9.94092845916748
comparison,8192,8192,canonical,5,"FAT,FI",8.066047668457031,9.865311622619629
comparison,8192,8192,canonical,6,"FI,FAT",8.065279960632324,9.896512031555176
comparison,8192,8192,canonical,7,"FAT,FI",8.077856063842773,10.008064270019531
comparison,8192,8192,canonical,8,"FI,FAT",8.023455619812012,9.960960388183594
comparison,8192,8192,canonical,9,"FAT,FI",8.08233642578125,10.02940845489502
comparison,8192,8192,canonical,10,"FI,FAT",8.056639671325684,9.911616325378418
comparison,8192,8192,canonical,11,"FAT,FI",8.085984230041504,9.996831893920898
comparison,8192,8192,canonical,12,"FI,FAT",8.110207557678223,9.877056121826172
comparison,8192,8192,canonical,13,"FAT,FI",8.117695808410645,9.862048149108887
comparison,8192,8192,canonical,14,"FI,FAT",8.069375991821289,9.861984252929688
comparison,8192,8192,canonical,15,"FAT,FI",8.05519962310791,9.989472389221191
comparison,8192,8192,canonical,16,"FI,FAT",8.115936279296875,9.852352142333984
comparison,8192,8192,canonical,17,"FAT,FI",8.069215774536133,10.071231842041016
comparison,8192,8192,canonical,18,"FI,FAT",8.166975975036621,9.950464248657227
comparison,8192,8192,canonical,19,"FAT,FI",8.184767723083496,10.079296112060547
comparison,8192,8192,canonical,20,"FI,FAT",8.26476764678955,10.12275218963623
comparison,8192,8192,canonical,21,"FAT,FI",8.21878433227539,10.083807945251465
comparison,8192,8192,canonical,22,"FI,FAT",8.2225923538208,10.05951976776123
comparison,8192,8192,canonical,23,"FAT,FI",8.217535972595215,10.117792129516602
comparison,8192,8192,canonical,24,"FI,FAT",8.187711715698242,10.024064064025879
comparison,8192,8192,canonical,25,"FAT,FI",8.187552452087402,9.945664405822754
comparison,8192,8192,canonical,26,"FI,FAT",8.18934440612793,9.968416213989258
comparison,8192,8192,canonical,27,"FAT,FI",8.164383888244629,10.019071578979492
comparison,8192,8192,canonical,28,"FI,FAT",8.142239570617676,10.0830717086792
comparison,8192,8192,canonical,29,"FAT,FI",8.166239738464355,10.020256042480469
comparison,8192,8192,canonical,30,"FI,FAT",8.16153621673584,9.95030403137207
comparison,8192,65536,native,1,"FAT,FI",115.96883392333984,150.69798278808594
comparison,8192,65536,native,2,"FI,FAT",116.2608642578125,148.95753479003906
comparison,8192,65536,native,3,"FAT,FI",116.414306640625,150.4772186279297
comparison,8192,65536,native,4,"FI,FAT",115.88893127441406,149.04319763183594
comparison,8192,65536,native,5,"FAT,FI",117.01478576660156,150.87744140625
comparison,8192,65536,native,6,"FI,FAT",116.0811538696289,148.97372436523438
comparison,8192,65536,native,7,"FAT,FI",116.28546905517578,150.53359985351562
comparison,8192,65536,native,8,"FI,FAT",115.59117126464844,149.09024047851562
comparison,8192,65536,native,9,"FAT,FI",116.33753967285156,150.2856903076172
comparison,8192,65536,native,10,"FI,FAT",115.95475006103516,148.99241638183594
comparison,8192,65536,native,11,"FAT,FI",116.28848266601562,150.60992431640625
comparison,8192,65536,native,12,"FI,FAT",116.25091552734375,149.03514099121094
comparison,8192,65536,native,13,"FAT,FI",116.39513397216797,151.5048370361328
comparison,8192,65536,native,14,"FI,FAT",116.62153625488281,149.3580780029297
comparison,8192,65536,native,15,"FAT,FI",117.04319763183594,151.64486694335938
comparison,8192,65536,native,16,"FI,FAT",116.90953826904297,149.5631103515625
comparison,8192,65536,native,17,"FAT,FI",116.99798583984375,151.332763671875
comparison,8192,65536,native,18,"FI,FAT",116.90815734863281,149.5330810546875
comparison,8192,65536,native,19,"FAT,FI",117.26579284667969,151.54835510253906
comparison,8192,65536,native,20,"FI,FAT",116.64189147949219,149.59779357910156
comparison,8192,65536,native,21,"FAT,FI",117.35609436035156,151.24147033691406
comparison,8192,65536,native,22,"FI,FAT",116.8150405883789,149.7824249267578
comparison,8192,65536,native,23,"FAT,FI",117.41165161132812,151.54380798339844
comparison,8192,65536,native,24,"FI,FAT",116.5660171508789,149.5812530517578
comparison,8192,65536,native,25,"FAT,FI",117.27334594726562,151.22767639160156
comparison,8192,65536,native,26,"FI,FAT",117.02547454833984,149.53773498535156
comparison,8192,65536,native,27,"FAT,FI",117.28486633300781,151.44271850585938
comparison,8192,65536,native,28,"FI,FAT",116.86617279052734,149.56541442871094
comparison,8192,65536,native,29,"FAT,FI",117.3196792602539,151.11427307128906
comparison,8192,65536,native,30,"FI,FAT",116.99993896484375,149.49737548828125
comparison,8192,65536,canonical,1,"FAT,FI",115.94214630126953,151.92105102539062
comparison,8192,65536,canonical,2,"FI,FAT",116.52006530761719,149.55001831054688
comparison,8192,65536,canonical,3,"FAT,FI",117.40838623046875,151.33155822753906
comparison,8192,65536,canonical,4,"FI,FAT",116.912353515625,149.54783630371094
comparison,8192,65536,canonical,5,"FAT,FI",117.2594223022461,151.50344848632812
comparison,8192,65536,canonical,6,"FI,FAT",116.61750030517578,149.5819549560547
comparison,8192,65536,canonical,7,"FAT,FI",117.43145751953125,151.52569580078125
comparison,8192,65536,canonical,8,"FI,FAT",117.21900939941406,149.485595703125
comparison,8192,65536,canonical,9,"FAT,FI",117.45455932617188,151.43699645996094
comparison,8192,65536,canonical,10,"FI,FAT",116.67084503173828,149.61541748046875
comparison,8192,65536,canonical,11,"FAT,FI",117.29036712646484,151.6261444091797
comparison,8192,65536,canonical,12,"FI,FAT",116.62163543701172,149.61094665527344
comparison,8192,65536,canonical,13,"FAT,FI",117.25798034667969,151.37437438964844
comparison,8192,65536,canonical,14,"FI,FAT",116.87104034423828,149.57785034179688
comparison,8192,65536,canonical,15,"FAT,FI",117.41404724121094,151.5636749267578
comparison,8192,65536,canonical,16,"FI,FAT",116.50777435302734,149.58953857421875
comparison,8192,65536,canonical,17,"FAT,FI",117.40351867675781,151.28851318359375
comparison,8192,65536,canonical,18,"FI,FAT",117.02633666992188,149.4981689453125
comparison,8192,65536,canonical,19,"FAT,FI",117.29523468017578,151.523681640625
comparison,8192,65536,canonical,20,"FI,FAT",116.5074234008789,149.56930541992188
comparison,8192,65536,canonical,21,"FAT,FI",117.61039733886719,151.20407104492188
comparison,8192,65536,canonical,22,"FI,FAT",117.02774047851562,149.49757385253906
comparison,8192,65536,canonical,23,"FAT,FI",117.33344268798828,151.3546600341797
comparison,8192,65536,canonical,24,"FI,FAT",116.66646575927734,149.55702209472656
comparison,8192,65536,canonical,25,"FAT,FI",117.44035339355469,151.20956420898438
comparison,8192,65536,canonical,26,"FI,FAT",117.10809326171875,149.47549438476562
comparison,8192,65536,canonical,27,"FAT,FI",117.33350372314453,151.37875366210938
comparison,8192,65536,canonical,28,"FI,FAT",116.99881744384766,149.52316284179688
comparison,8192,65536,canonical,29,"FAT,FI",117.44377899169922,151.5614776611328
comparison,8192,65536,canonical,30,"FI,FAT",116.4961929321289,149.5419158935547
primary,8192,65536,native,1,,116.56460571289062,
primary,8192,65536,native,2,,117.19190216064453,
primary,8192,65536,native,3,,117.02931213378906,
primary,8192,65536,native,4,,117.51897430419922,
primary,8192,65536,native,5,,117.38304138183594,
primary,8192,65536,native,6,,117.5522232055664,
primary,8192,65536,native,7,,117.68921661376953,
primary,8192,65536,native,8,,117.56448364257812,
primary,8192,65536,native,9,,117.12834930419922,
primary,8192,65536,native,10,,117.40557098388672,
primary,8192,65536,native,11,,117.0716781616211,
primary,8192,65536,native,12,,117.4071044921875,
primary,8192,65536,native,13,,117.45206451416016,
primary,8192,65536,native,14,,117.40812683105469,
primary,8192,65536,native,15,,117.5401611328125,
primary,8192,65536,native,16,,117.61459350585938,
primary,8192,65536,native,17,,118.16041564941406,
primary,8192,65536,native,18,,118.07762908935547,
primary,8192,65536,native,19,,117.84070587158203,
primary,8192,65536,native,20,,118.66143798828125,
primary,8192,65536,native,21,,117.84928131103516,
primary,8192,65536,native,22,,118.08464050292969,
primary,8192,65536,native,23,,117.97187042236328,
primary,8192,65536,native,24,,118.54249572753906,
primary,8192,65536,native,25,,117.87459564208984,
primary,8192,65536,native,26,,118.26534271240234,
primary,8192,65536,native,27,,117.882080078125,
primary,8192,65536,native,28,,118.70646667480469,
primary,8192,65536,native,29,,117.83628845214844,
primary,8192,65536,native,30,,118.29718780517578,
primary,8192,131072,native,1,,242.53619384765625,
primary,8192,131072,native,2,,243.43161010742188,
primary,8192,131072,native,3,,243.5601348876953,
primary,8192,131072,native,4,,243.5207061767578,
primary,8192,131072,native,5,,243.21603393554688,
primary,8192,131072,native,6,,243.48297119140625,
primary,8192,131072,native,7,,242.8317108154297,
primary,8192,131072,native,8,,243.27130126953125,
primary,8192,131072,native,9,,242.81138610839844,
primary,8192,131072,native,10,,242.9825897216797,
primary,8192,131072,native,11,,243.00991821289062,
primary,8192,131072,native,12,,243.37913513183594,
primary,8192,131072,native,13,,242.99874877929688,
primary,8192,131072,native,14,,242.7295684814453,
primary,8192,131072,native,15,,243.1266632080078,
primary,8192,131072,native,16,,242.92335510253906,
primary,8192,131072,native,17,,243.03082275390625,
primary,8192,131072,native,18,,243.18170166015625,
primary,8192,131072,native,19,,243.5464630126953,
primary,8192,131072,native,20,,242.97433471679688,
primary,8192,131072,native,21,,242.94090270996094,
primary,8192,131072,native,22,,242.85116577148438,
primary,8192,131072,native,23,,242.9918670654297,
primary,8192,131072,native,24,,243.02896118164062,
primary,8192,131072,native,25,,243.068603515625,
primary,8192,131072,native,26,,243.72633361816406,
primary,8192,131072,native,27,,242.9468536376953,
primary,8192,131072,native,28,,243.0343017578125,
primary,8192,131072,native,29,,242.91343688964844,
primary,8192,131072,native,30,,243.3076171875,
repeat,8192,65536,native,1,,115.69705963134766,
repeat,8192,65536,native,2,,115.98937225341797,
repeat,8192,65536,native,3,,117.12102508544922,
repeat,8192,65536,native,4,,117.47532653808594,
repeat,8192,65536,native,5,,117.09715270996094,
repeat,8192,65536,native,6,,117.46774291992188,
repeat,8192,65536,native,7,,117.27462768554688,
repeat,8192,65536,native,8,,117.71078491210938,
repeat,8192,65536,native,9,,117.24797058105469,
repeat,8192,65536,native,10,,117.39545440673828,
repeat,8192,65536,native,11,,117.3936996459961,
repeat,8192,65536,native,12,,117.49628448486328,
repeat,8192,65536,native,13,,117.50809478759766,
repeat,8192,65536,native,14,,117.99142456054688,
repeat,8192,65536,native,15,,117.18748474121094,
repeat,8192,65536,native,16,,117.60700988769531,
repeat,8192,65536,native,17,,117.5315170288086,
repeat,8192,65536,native,18,,117.58386993408203,
repeat,8192,65536,native,19,,117.7886734008789,
repeat,8192,65536,native,20,,117.97299194335938,
repeat,8192,65536,native,21,,117.3565444946289,
repeat,8192,65536,native,22,,117.60025787353516,
repeat,8192,65536,native,23,,117.25218963623047,
repeat,8192,65536,native,24,,117.4316177368164,
repeat,8192,65536,native,25,,117.6473617553711,
repeat,8192,65536,native,26,,117.89456176757812,
repeat,8192,65536,native,27,,117.3334732055664,
repeat,8192,65536,native,28,,117.61309051513672,
repeat,8192,65536,native,29,,117.95590209960938,
repeat,8192,65536,native,30,,117.55779266357422,
repeat,8192,131072,native,1,,242.39056396484375,
repeat,8192,131072,native,2,,243.7902069091797,
repeat,8192,131072,native,3,,243.83743286132812,
repeat,8192,131072,native,4,,243.6177978515625,
repeat,8192,131072,native,5,,243.6177978515625,
repeat,8192,131072,native,6,,244.4490509033203,
repeat,8192,131072,native,7,,242.64483642578125,
repeat,8192,131072,native,8,,243.6164093017578,
repeat,8192,131072,native,9,,243.1308135986328,
repeat,8192,131072,native,10,,243.52330017089844,
repeat,8192,131072,native,11,,243.239013671875,
repeat,8192,131072,native,12,,243.43753051757812,
repeat,8192,131072,native,13,,243.48956298828125,
repeat,8192,131072,native,14,,243.4457550048828,
repeat,8192,131072,native,15,,243.1851806640625,
repeat,8192,131072,native,16,,243.4167938232422,
repeat,8192,131072,native,17,,242.8284454345703,
repeat,8192,131072,native,18,,243.37014770507812,
repeat,8192,131072,native,19,,242.92352294921875,
repeat,8192,131072,native,20,,243.52359008789062,
repeat,8192,131072,native,21,,243.0695037841797,
repeat,8192,131072,native,22,,243.17385864257812,
repeat,8192,131072,native,23,,242.76150512695312,
repeat,8192,131072,native,24,,243.0320587158203,
repeat,8192,131072,native,25,,243.03286743164062,
repeat,8192,131072,native,26,,242.95628356933594,
repeat,8192,131072,native,27,,243.093505859375,
repeat,8192,131072,native,28,,243.26348876953125,
repeat,8192,131072,native,29,,242.89479064941406,
repeat,8192,131072,native,30,,243.4237823486328,
